{
  "cleanUrls": true,
  "trailingSlash": false,
  "headers": [
    {
      "source": "/sw.js",
      "headers": [
        {
          "key": "Cache-Control",
          "value": "no-cache, no-store, must-revalidate"
        },
        {
          "key": "Service-Worker-Allowed",
          "value": "/"
        }
      ]
    },
    {
      "source": "/index.html",
      "headers": [
        {
          "key": "Cache-Control",
          "value": "no-cache"
        }
      ]
    },
    {
      "source": "/manifest.json",
      "headers": [
        {
          "key": "Cache-Control",
          "value": "no-cache"
        }
      ]
    },
    {
      "source": "/icons/(.*)",
      "headers": [
        {
          "key": "Cache-Control",
          "value": "public, max-age=31536000, immutable"
        }
      ]
    }
  ]
}